tensor_slicing_512x64x64x8_1x1x1x4,cpu,24165445,48276933,59436546,2143273,537579,2155574,531756,6443907,16,,1577058304
tensor_slicing_512x64x64x8_1x1x1x4,inplace,0,54889008,52012300,1628953,292170,2151850,587971,3966297,0,,1577058304
tensor_slicing_512x64x64x8_1x1x1x4,0,dtu,51276879,55798862,822684,283454,1185358,488240,2828156,4194544,,1577058304
tensor_slicing_512x64x64x8_1x1x1x8,cpu,20667307,32676635,30042377,1588222,272413,1605103,267551,3767537,0,,771751936
tensor_slicing_512x64x64x8_1x1x1x8,inplace,0,23067866,17279924,1318835,145859,1326367,133746,2485691,0,,771751936
tensor_slicing_512x64x64x8_1x1x1x8,0,dtu,14963780,19100280,398888,141878,396840,131834,1402830,2097200,,771751936
tensor_slicing_512x64x64x8_1x1x1x16,cpu,18538179,24791122,15348729,1320608,140931,1320804,133323,2448084,0,,369098752
tensor_slicing_512x64x64x8_1x1x1x16,inplace,0,19959411,8884524,1184713,77792,1191777,68078,1807033,0,,369098752
tensor_slicing_512x64x64x8_1x1x1x16,0,dtu,8020948,9649512,200522,74503,198421,66004,731007,1048624,,369098752
tensor_slicing_512x64x64x8_1x1x1x32,cpu,10782720,13608732,7989954,658465,76213,661487,66895,1268188,0,,167772160
tensor_slicing_512x64x64x8_1x1x1x32,inplace,0,11752326,4676636,592261,38791,596371,34213,902581,0,,167772160
tensor_slicing_512x64x64x8_1x1x1x32,0,dtu,3833258,4932620,98780,44116,99367,33273,418928,524352,,167772160
tensor_slicing_512x64x64x8_1x1x1x64,cpu,5425657,6991988,4311513,329195,42986,334044,33945,673094,0,,67108864
tensor_slicing_512x64x64x8_1x1x1x64,inplace,0,5925255,2572692,296847,18189,299433,17369,442344,0,,67108864
tensor_slicing_512x64x64x8_1x1x1x64,0,dtu,1933479,2558040,48077,21306,49440,16669,202138,262192,,67108864
tensor_slicing_512x64x64x8_1x1x1x4,cpu,24526815,47250181,59431126,2123420,537297,2120675,527503,6421789,0,,1577058304
tensor_slicing_512x64x64x8_1x1x1x4,inplace,0,54800220,52017157,1628748,292071,2142714,581702,3965317,0,,1577058304
tensor_slicing_512x64x64x8_1x1x1x4,0,dtu,53237779,55938534,825130,283410,1215499,523140,2830238,4194640,,1577058304
tensor_slicing_512x64x64x8_1x1x1x8,cpu,20675954,33397967,30050801,1596871,272530,1603355,279087,3777130,0,,771751936
tensor_slicing_512x64x64x8_1x1x1x8,inplace,0,22939564,17273132,1316816,145878,1323207,133626,2483833,0,,771751936
tensor_slicing_512x64x64x8_1x1x1x8,0,dtu,15740247,19100280,401952,141139,396784,131842,1399990,2097200,,771751936
tensor_slicing_512x64x64x8_1x1x1x16,cpu,18536897,24223020,15348729,1320715,143944,1324102,133389,2472260,0,,369098752
tensor_slicing_512x64x64x8_1x1x1x16,inplace,0,20441363,8884524,1185291,81117,1190298,68075,1834211,0,,369098752
tensor_slicing_512x64x64x8_1x1x1x16,0,dtu,7662021,9651144,197759,76575,198554,66079,744812,1048640,,369098752
tensor_slicing_512x64x64x8_1x1x1x32,cpu,10792388,13672512,7995113,658646,76307,662459,67125,1269103,16,,167772160
tensor_slicing_512x64x64x8_1x1x1x32,inplace,0,11799072,4676636,592359,39109,596669,34252,905233,0,,167772160
tensor_slicing_512x64x64x8_1x1x1x32,0,dtu,4066764,4924128,99503,40584,99161,33159,391392,524368,,167772160
tensor_slicing_512x64x64x8_1x1x1x64,cpu,5431993,7200106,4304721,329565,40848,333628,33461,656361,0,,67108864
tensor_slicing_512x64x64x8_1x1x1x64,inplace,0,5902802,2565900,293547,22215,298910,17234,471251,0,,67108864
tensor_slicing_512x64x64x8_1x1x1x64,0,dtu,2011247,2564832,48960,21456,49676,16775,204213,262208,,67108864
tensor_slicing_512x64x64x8_1x1x1x4,cpu,24082138,48029016,59429673,2135804,534593,2118003,527560,6412550,0,,1577058304
tensor_slicing_512x64x64x8_1x1x1x4,inplace,0,54783297,52015590,1628642,291834,2142716,580360,3963297,0,,1577058304
tensor_slicing_512x64x64x8_1x1x1x4,0,dtu,52316941,55937033,825602,283346,1233026,540492,2830203,4194544,,1577058304
tensor_slicing_512x64x64x8_1x1x1x8,cpu,20688813,32405172,30042377,1580232,273230,1607345,269695,3766072,0,,771751936
tensor_slicing_512x64x64x8_1x1x1x8,inplace,0,22645763,17281579,1320063,146682,1326349,133852,2493503,0,,771751936
tensor_slicing_512x64x64x8_1x1x1x8,0,dtu,15560564,19093488,401776,143932,396531,131661,1422148,2097216,,771751936
tensor_slicing_512x64x64x8_1x1x1x16,cpu,18512469,26481924,15350196,1321220,141905,1349948,143660,2456446,0,,369098752
tensor_slicing_512x64x64x8_1x1x1x16,inplace,0,19783584,8884524,1185329,81493,1192169,68172,1837256,0,,369098752
tensor_slicing_512x64x64x8_1x1x1x16,0,dtu,7672351,9649512,197548,76401,198716,66088,743210,1048624,,369098752
tensor_slicing_512x64x64x8_1x1x1x32,cpu,10745080,13808232,7988321,660229,75660,666024,67707,1265536,0,,167772160
tensor_slicing_512x64x64x8_1x1x1x32,inplace,0,12020813,4676636,592155,43185,600421,37193,937619,0,,167772160
tensor_slicing_512x64x64x8_1x1x1x32,0,dtu,4055995,4924128,99288,44691,99148,33238,424029,524352,,167772160
tensor_slicing_512x64x64x8_1x1x1x64,cpu,5454541,6953123,4311513,329422,43324,333973,33759,676017,0,,67108864
tensor_slicing_512x64x64x8_1x1x1x64,inplace,0,5917771,2572692,296328,18353,299350,17332,443152,0,,67108864
tensor_slicing_512x64x64x8_1x1x1x64,0,dtu,1860250,2558040,46412,23283,49370,16713,216281,262192,,67108864
tensor_slicing_512x64x64x8_1x1x1x4,cpu,24535511,48090219,59429673,2107517,535285,2154245,558768,6389815,0,,1577058304
tensor_slicing_512x64x64x8_1x1x1x4,inplace,0,54738959,52014351,1628752,292106,2143653,582670,3965593,0,,1577058304
tensor_slicing_512x64x64x8_1x1x1x4,0,dtu,51224922,55938598,822743,283531,1224236,524800,2828770,4194528,,1577058304
tensor_slicing_512x64x64x8_1x1x1x8,cpu,20694501,31666699,30042377,1580450,273231,1587696,265119,3766292,0,,771751936
tensor_slicing_512x64x64x8_1x1x1x8,inplace,0,23010022,17279924,1317162,146257,1324469,133836,2487202,0,,771751936
tensor_slicing_512x64x64x8_1x1x1x8,0,dtu,15814517,19093488,395027,142119,413787,145311,1400896,2097200,,771751936
tensor_slicing_512x64x64x8_1x1x1x16,cpu,18530213,25517246,15348729,1321063,142238,1329293,140011,2458986,0,,369098752
tensor_slicing_512x64x64x8_1x1x1x16,inplace,0,19971444,8884524,1185146,81161,1190341,68026,1834412,0,,369098752
tensor_slicing_512x64x64x8_1x1x1x16,0,dtu,7568919,9649512,197658,76451,198467,66071,743718,1048656,,369098752
tensor_slicing_512x64x64x8_1x1x1x32,cpu,10772644,13684194,7988321,658357,76670,666033,66920,1271729,0,,167772160
tensor_slicing_512x64x64x8_1x1x1x32,inplace,0,11766660,4676636,591684,44214,596325,34352,945380,0,,167772160
tensor_slicing_512x64x64x8_1x1x1x32,0,dtu,3996218,4924128,97848,42611,103713,33954,405960,524352,,167772160
tensor_slicing_512x64x64x8_1x1x1x64,cpu,5466971,6962073,4311513,329469,43482,334042,33925,677337,0,,67108864
tensor_slicing_512x64x64x8_1x1x1x64,inplace,0,5902072,2572692,293835,22226,299217,17363,471635,0,,67108864
tensor_slicing_512x64x64x8_1x1x1x64,0,dtu,1923337,2558040,46351,23240,49386,16703,215863,262192,,67108864
tensor_slicing_512x64x64x8_1x1x1x4,cpu,24562651,47076118,59424408,2107358,534974,2119095,527431,6387161,0,,1577058304
tensor_slicing_512x64x64x8_1x1x1x4,inplace,0,54777814,52012698,1629086,292151,2141251,579242,3966278,0,,1577058304
tensor_slicing_512x64x64x8_1x1x1x4,0,dtu,31016360,38001816,790787,273170,793701,263260,2713998,4194400,,1577058304
tensor_slicing_512x64x64x8_1x1x1x8,cpu,20748944,32946374,30042458,1580341,273317,1616615,275546,3766887,0,,771751936
tensor_slicing_512x64x64x8_1x1x1x8,inplace,0,23077920,17281452,1317191,146266,1324230,133821,2487303,0,,771751936
tensor_slicing_512x64x64x8_1x1x1x8,0,dtu,15346353,19093488,395029,142107,396720,131744,1400801,2097216,,771751936
tensor_slicing_512x64x64x8_1x1x1x16,cpu,18587455,25172965,15358230,1321760,142312,1330326,140789,2460250,0,,369098752
tensor_slicing_512x64x64x8_1x1x1x16,inplace,0,20242507,8884524,1185269,81135,1192215,68121,1834333,0,,369098752
tensor_slicing_512x64x64x8_1x1x1x16,0,dtu,7591692,9649512,197573,76296,198640,66236,742393,1048640,,369098752
tensor_slicing_512x64x64x8_1x1x1x32,cpu,10759764,13711902,7988321,658253,76042,668301,69137,1266601,0,,167772160
tensor_slicing_512x64x64x8_1x1x1x32,inplace,0,11776684,4669844,591855,42851,596220,34246,934647,0,,167772160
tensor_slicing_512x64x64x8_1x1x1x32,0,dtu,4163701,4924128,97860,42676,99220,33212,406488,524368,,167772160
tensor_slicing_512x64x64x8_1x1x1x64,cpu,5459836,6962792,4313046,329611,43383,334023,33801,676677,0,,67108864
tensor_slicing_512x64x64x8_1x1x1x64,inplace,0,5976948,2572692,294856,21200,299216,17437,464441,0,,67108864
tensor_slicing_512x64x64x8_1x1x1x64,0,dtu,1859514,2558040,46378,23304,49389,16720,216416,262176,,67108864
tensor_slicing_512x64x64x8_1x1x1x4,cpu,24550395,47261236,59432691,2107927,535303,2118464,527391,6390376,0,,1577058304
tensor_slicing_512x64x64x8_1x1x1x4,inplace,0,54732482,52018600,1629923,292085,2145440,581792,3966587,0,,1577058304
tensor_slicing_512x64x64x8_1x1x1x4,0,dtu,51330191,55939128,823741,283296,1198636,500184,2827931,4194592,,1577058304
tensor_slicing_512x64x64x8_1x1x1x8,cpu,20815012,34697434,30043979,1588079,273856,1604091,279712,3778921,0,,771751936
tensor_slicing_512x64x64x8_1x1x1x8,inplace,0,23382018,17279924,1317399,146297,1326255,133904,2487768,0,,771751936
tensor_slicing_512x64x64x8_1x1x1x8,0,dtu,15868101,19100280,400551,142183,396914,131812,1406937,2097264,,771751936
tensor_slicing_512x64x64x8_1x1x1x16,cpu,18547876,24585045,15348729,1316897,142284,1321114,133508,2455163,0,,369098752
tensor_slicing_512x64x64x8_1x1x1x16,inplace,0,20105064,8895385,1186003,81208,1198806,69319,1835660,0,,369098752
tensor_slicing_512x64x64x8_1x1x1x16,0,dtu,8313545,9649512,197605,76662,198457,66081,745344,1048656,,369098752
tensor_slicing_512x64x64x8_1x1x1x32,cpu,10778970,13648590,7988321,658374,76144,666133,67471,1267528,0,,167772160
tensor_slicing_512x64x64x8_1x1x1x32,inplace,0,11944150,4676636,592168,43034,596730,34300,936432,0,,167772160
tensor_slicing_512x64x64x8_1x1x1x32,0,dtu,4003683,4924128,97823,42345,99246,33206,403805,524336,,167772160
tensor_slicing_512x64x64x8_1x1x1x64,cpu,5470885,6969505,4311513,329592,43582,334193,33934,678250,0,,67108864
tensor_slicing_512x64x64x8_1x1x1x64,inplace,0,5985872,2572692,294959,21269,299228,17338,465120,0,,67108864
tensor_slicing_512x64x64x8_1x1x1x64,0,dtu,1891118,2564832,46831,23371,49602,16825,217404,262192,,67108864
tensor_slicing_512x64x64x8_1x1x1x4,cpu,24546648,50865078,59437990,2125265,535546,2154991,557565,6409642,0,,1577058304
tensor_slicing_512x64x64x8_1x1x1x4,inplace,0,54681164,52012141,1629109,292447,2142846,581422,3968668,16,,1577058304
tensor_slicing_512x64x64x8_1x1x1x4,0,dtu,33721827,38008608,806773,273185,794044,263335,2730093,4194416,,1577058304
tensor_slicing_512x64x64x8_1x1x1x8,cpu,20745402,32405840,30042377,1580416,273421,1586746,264536,3767786,0,,771751936
tensor_slicing_512x64x64x8_1x1x1x8,inplace,0,22937041,17274651,1317015,146190,1323331,133790,2486519,0,,771751936
tensor_slicing_512x64x64x8_1x1x1x8,0,dtu,15453378,19100280,395369,142105,396945,131802,1401133,2097216,,771751936
tensor_slicing_512x64x64x8_1x1x1x16,cpu,18540838,24459434,15350332,1317036,142202,1321109,133462,2454653,0,,369098752
tensor_slicing_512x64x64x8_1x1x1x16,inplace,0,19971930,8884524,1185222,80910,1191983,68196,1832484,0,,369098752
tensor_slicing_512x64x64x8_1x1x1x16,0,dtu,7791381,9649512,197632,76403,207683,68862,743308,1048640,,369098752
tensor_slicing_512x64x64x8_1x1x1x32,cpu,10782286,13688260,7995113,658724,76279,666479,67593,1268949,0,,167772160
tensor_slicing_512x64x64x8_1x1x1x32,inplace,0,11805455,4684686,592758,43127,597658,34535,937766,0,,167772160
tensor_slicing_512x64x64x8_1x1x1x32,0,dtu,4194990,4924128,99283,43414,100169,34176,413815,524352,,167772160
tensor_slicing_512x64x64x8_1x1x1x64,cpu,5451948,6861680,4304721,327950,43858,331612,33545,678808,0,,67108864
tensor_slicing_512x64x64x8_1x1x1x64,inplace,0,6089386,2565900,295408,21209,301890,18322,465073,0,,67108864
tensor_slicing_512x64x64x8_1x1x1x64,0,dtu,1955529,2564832,48393,22075,49670,16714,208588,262208,,67108864
tensor_slicing_512x64x64x8_1x1x1x4,cpu,24524780,53464056,59443257,2124660,535490,2147947,527719,6408571,16,,1577058304
tensor_slicing_512x64x64x8_1x1x1x4,inplace,0,54736116,52013606,1629413,292287,2145223,582964,3967702,0,,1577058304
tensor_slicing_512x64x64x8_1x1x1x4,0,dtu,31228888,38003258,790978,273075,793729,263214,2713430,4194368,,1577058304
tensor_slicing_512x64x64x8_1x1x1x8,cpu,20720414,32672368,30044368,1580632,273553,1586730,264494,3769060,0,,771751936
tensor_slicing_512x64x64x8_1x1x1x8,inplace,0,23100735,17279924,1317288,146345,1323410,133828,2488031,0,,771751936
tensor_slicing_512x64x64x8_1x1x1x8,0,dtu,16277507,19100280,395251,142088,396915,131827,1400885,2097200,,771751936
tensor_slicing_512x64x64x8_1x1x1x16,cpu,18555285,24349083,15348729,1317113,142520,1320969,133448,2457288,0,,369098752
tensor_slicing_512x64x64x8_1x1x1x16,inplace,0,20209229,8884524,1185434,81159,1192379,68320,1834699,0,,369098752
tensor_slicing_512x64x64x8_1x1x1x16,0,dtu,7671469,9650959,197744,76370,198476,66094,743157,1048640,,369098752
tensor_slicing_512x64x64x8_1x1x1x32,cpu,10781063,13726066,7988321,658385,76209,666146,67450,1268069,0,,167772160
tensor_slicing_512x64x64x8_1x1x1x32,inplace,0,11773477,4676636,592278,43088,597198,34348,936966,0,,167772160
tensor_slicing_512x64x64x8_1x1x1x32,0,dtu,4007779,4924128,97848,42669,99232,33234,406429,524336,,167772160
tensor_slicing_512x64x64x8_1x1x1x64,cpu,5446507,6891053,4304721,327891,43801,331623,33612,678302,0,,67108864
tensor_slicing_512x64x64x8_1x1x1x64,inplace,0,5952311,2572692,294745,20917,301434,18092,462075,0,,67108864
tensor_slicing_512x64x64x8_1x1x1x64,0,dtu,1964843,2564832,48416,22474,49670,16747,211806,262160,,67108864
tensor_slicing_512x64x64x8_1x1x1x4,cpu,24546381,53516319,59436465,2124578,535457,2149603,527654,6408243,16,,1577058304
tensor_slicing_512x64x64x8_1x1x1x4,inplace,0,54818007,52012672,1629073,291832,2144400,582834,3963712,0,,1577058304
tensor_slicing_512x64x64x8_1x1x1x4,0,dtu,31222224,38001816,790842,272990,793781,263270,2712605,4194384,,1577058304
tensor_slicing_512x64x64x8_1x1x1x8,cpu,20713249,33061871,30042377,1580485,273539,1586859,264635,3768810,0,,771751936
tensor_slicing_512x64x64x8_1x1x1x8,inplace,0,23097411,17279924,1317298,146322,1323421,133851,2487866,0,,771751936
tensor_slicing_512x64x64x8_1x1x1x8,0,dtu,17833180,19100280,403302,142166,396840,131837,1409544,2097248,,771751936
tensor_slicing_512x64x64x8_1x1x1x16,cpu,18552792,24363991,15350175,1317056,142565,1321087,133472,2457586,0,,369098752
tensor_slicing_512x64x64x8_1x1x1x16,inplace,0,20023053,8895613,1185996,81252,1191367,68350,1835997,0,,369098752
tensor_slicing_512x64x64x8_1x1x1x16,0,dtu,7615523,9649512,197512,76398,198421,66056,743157,1048640,,369098752
tensor_slicing_512x64x64x8_1x1x1x32,cpu,10758736,13642530,7988321,658241,75848,665950,67359,1265036,0,,167772160
tensor_slicing_512x64x64x8_1x1x1x32,inplace,0,11969587,4676636,592178,43096,596170,34284,936937,0,,167772160
tensor_slicing_512x64x64x8_1x1x1x32,0,dtu,3933528,4924128,97840,42569,99244,33205,405627,524368,,167772160
tensor_slicing_512x64x64x8_1x1x1x64,cpu,5451415,6857416,4313505,328519,44081,331844,33659,681170,0,,67108864
tensor_slicing_512x64x64x8_1x1x1x64,inplace,0,5979528,2565900,294406,20876,298871,17255,461423,0,,67108864
tensor_slicing_512x64x64x8_1x1x1x64,0,dtu,1938860,2558040,48082,22078,49460,16605,208303,262208,,67108864
tensor_slicing_512x64x64x8_1x1x1x4,cpu,24563866,49457048,59431666,2107806,534955,2145199,527436,6387470,64,,1577058304
tensor_slicing_512x64x64x8_1x1x1x4,inplace,0,54877313,52014710,1629306,292183,2147396,585768,3966753,16,,1577058304
tensor_slicing_512x64x64x8_1x1x1x4,0,dtu,29846697,38003809,790872,273111,813930,263298,2713612,4194368,,1577058304
tensor_slicing_512x64x64x8_1x1x1x8,cpu,20671384,33023046,30044357,1580572,273567,1586644,264511,3769120,0,,771751936
tensor_slicing_512x64x64x8_1x1x1x8,inplace,0,23092688,17288412,1317813,146417,1323682,133894,2489142,0,,771751936
tensor_slicing_512x64x64x8_1x1x1x8,0,dtu,16393253,19100280,395264,141994,398921,131812,1400124,2097200,,771751936
tensor_slicing_512x64x64x8_1x1x1x16,cpu,18565838,24399141,15348729,1316958,142443,1321039,133473,2456507,0,,369098752
tensor_slicing_512x64x64x8_1x1x1x16,inplace,0,19964380,8884524,1185313,81184,1190544,68328,1834778,0,,369098752
tensor_slicing_512x64x64x8_1x1x1x16,0,dtu,7613993,9649512,197554,76407,198453,66051,743259,1048640,,369098752
tensor_slicing_512x64x64x8_1x1x1x32,cpu,10757431,13640305,7988321,658294,76106,666026,67371,1267145,0,,167772160
tensor_slicing_512x64x64x8_1x1x1x32,inplace,0,11782355,4676636,592198,43017,596029,34298,936318,0,,167772160
tensor_slicing_512x64x64x8_1x1x1x32,0,dtu,3940541,4924128,97918,42603,99247,33197,405971,524336,,167772160
tensor_slicing_512x64x64x8_1x1x1x64,cpu,5456954,6877613,4313811,328648,44289,331923,33781,682965,0,,67108864
tensor_slicing_512x64x64x8_1x1x1x64,inplace,0,6055302,2565900,294679,21072,299047,17199,463242,0,,67108864
tensor_slicing_512x64x64x8_1x1x1x64,0,dtu,1947111,2558040,48091,22136,49440,16624,208783,262192,,67108864
tensor_slicing_512x64x64x8_1x1x2x4,cpu,12865967,25134408,29717497,1123015,273109,1075983,263932,3307888,0,,788529152
tensor_slicing_512x64x64x8_1x1x2x4,inplace,0,16719708,17036964,864937,143387,811772,132894,2012017,0,,788529152
tensor_slicing_512x64x64x8_1x1x2x4,0,dtu,15478077,19001976,395344,142234,396921,131828,1402132,2097216,,788529152
tensor_slicing_512x64x64x8_1x1x2x8,cpu,10647664,16848828,15023849,833007,142396,803547,139938,1972186,0,,385875968
tensor_slicing_512x64x64x8_1x1x2x8,inplace,0,11972655,8641564,708714,77760,662771,67354,1330792,0,,385875968
tensor_slicing_512x64x64x8_1x1x2x8,0,dtu,7615143,9551208,197628,76497,199137,66071,744055,1048656,,385875968
tensor_slicing_512x64x64x8_1x1x2x16,cpu,9557287,12438464,7685000,699514,76261,666229,67413,1309605,0,,184549376
tensor_slicing_512x64x64x8_1x1x2x16,inplace,0,10389853,4448782,633722,43485,596335,34357,981593,0,,184549376
tensor_slicing_512x64x64x8_1x1x2x16,0,dtu,3950114,4825824,97775,42529,103622,33690,405209,524368,,184549376
tensor_slicing_512x64x64x8_1x1x2x32,cpu,5441304,6808912,4000217,328301,44001,331829,33600,680311,0,,83886080
tensor_slicing_512x64x64x8_1x1x2x32,inplace,0,5963413,2343316,294730,20797,299254,17326,461106,0,,83886080
tensor_slicing_512x64x64x8_1x1x2x32,0,dtu,1966476,2468053,48510,22107,49715,16728,208971,262192,,83886080
tensor_slicing_512x64x64x8_1x1x2x64,cpu,2812796,3514161,2158417,161813,23766,166884,16949,351927,0,,33554432
tensor_slicing_512x64x64x8_1x1x2x64,inplace,0,3040791,1287948,146282,10097,150538,8801,227057,0,,33554432
tensor_slicing_512x64x64x8_1x1x2x64,0,dtu,894790,1280088,21106,11653,24792,8534,106142,131136,,33554432
tensor_slicing_512x64x64x8_1x1x2x4,cpu,12839395,25519942,29717497,1132045,272793,1095696,263902,3314381,0,,788529152
tensor_slicing_512x64x64x8_1x1x2x4,inplace,0,16880917,17036964,862261,142588,814146,132691,2002949,0,,788529152
tensor_slicing_512x64x64x8_1x1x2x4,0,dtu,16113664,19001976,395675,141371,415691,131739,1395551,2097216,,788529152
tensor_slicing_512x64x64x8_1x1x2x8,cpu,10645229,16258467,15023849,832992,142219,795785,132614,1970756,0,,385875968
tensor_slicing_512x64x64x8_1x1x2x8,inplace,0,12063137,8641564,707020,77863,663720,67094,1329918,0,,385875968
tensor_slicing_512x64x64x8_1x1x2x8,0,dtu,7841151,9551208,197594,76350,198850,66084,742848,1048624,,385875968
tensor_slicing_512x64x64x8_1x1x2x16,cpu,9533855,12487392,7677025,698896,76025,668978,69586,1307106,0,,184549376
tensor_slicing_512x64x64x8_1x1x2x16,inplace,0,10372841,4448785,635752,43634,596656,34255,984817,0,,184549376
tensor_slicing_512x64x64x8_1x1x2x16,0,dtu,3948608,4825824,97792,42267,103821,33758,403151,524320,,184549376
tensor_slicing_512x64x64x8_1x1x2x32,cpu,5430921,6912499,4000217,329465,43519,334137,33921,677628,0,,83886080
tensor_slicing_512x64x64x8_1x1x2x32,inplace,0,5971590,2343316,294978,21178,299298,17325,464400,0,,83886080
tensor_slicing_512x64x64x8_1x1x2x32,0,dtu,1884613,2459736,46464,23434,49403,16703,217540,262208,,83886080
tensor_slicing_512x64x64x8_1x1x2x64,cpu,2819838,3521752,2158417,161905,23767,166933,16950,352035,0,,33554432
tensor_slicing_512x64x64x8_1x1x2x64,inplace,0,3037816,1287948,146284,10162,150607,8842,227579,0,,33554432
tensor_slicing_512x64x64x8_1x1x2x64,0,dtu,911573,1280088,21118,11785,24742,8517,107212,131120,,33554432
tensor_slicing_512x64x64x8_1x1x2x4,cpu,12837550,25751428,29717497,1131646,273049,1091204,263887,3316059,0,,788529152
tensor_slicing_512x64x64x8_1x1x2x4,inplace,0,17721617,17036964,870823,142649,815882,132824,2011998,0,,788529152
tensor_slicing_512x64x64x8_1x1x2x4,0,dtu,15735952,19013164,396339,141638,415682,131862,1398345,2097216,,788529152
tensor_slicing_512x64x64x8_1x1x2x8,cpu,10619906,16395861,15023849,833118,141934,805029,132571,1968594,0,,385875968
tensor_slicing_512x64x64x8_1x1x2x8,inplace,0,11995697,8643197,708008,77836,663734,67104,1330682,0,,385875968
tensor_slicing_512x64x64x8_1x1x2x8,0,dtu,8191581,9551208,197578,76194,213319,71182,741583,1048624,,385875968
tensor_slicing_512x64x64x8_1x1x2x16,cpu,9522359,12393853,7677025,698989,76303,666072,67420,1309405,0,,184549376
tensor_slicing_512x64x64x8_1x1x2x16,inplace,0,10379439,4447260,634670,43600,596604,34197,983470,0,,184549376
tensor_slicing_512x64x64x8_1x1x2x16,0,dtu,3955412,4825824,98051,42426,103810,33713,404687,524368,,184549376
tensor_slicing_512x64x64x8_1x1x2x32,cpu,5406754,6774858,3993425,327865,43238,331552,33384,673773,0,,83886080
tensor_slicing_512x64x64x8_1x1x2x32,inplace,0,5926532,2343316,294969,20963,299765,17332,462665,0,,83886080
tensor_slicing_512x64x64x8_1x1x2x32,0,dtu,1961560,2466528,48374,22233,49682,16717,209839,262192,,83886080
tensor_slicing_512x64x64x8_1x1x2x64,cpu,2808774,3561262,2158417,161763,23701,166890,16943,351389,0,,33554432
tensor_slicing_512x64x64x8_1x1x2x64,inplace,0,3033926,1287948,146351,10138,150644,8845,227448,0,,33554432
tensor_slicing_512x64x64x8_1x1x2x64,0,dtu,928334,1280088,21318,11793,24707,8519,107466,131136,,33554432
tensor_slicing_512x64x64x8_1x1x2x4,cpu,12854971,24374046,29717497,1123543,272490,1076683,263878,3303474,0,,788529152
tensor_slicing_512x64x64x8_1x1x2x4,inplace,0,28499360,26000058,890816,150007,1073809,273529,2090856,0,,788529152
tensor_slicing_512x64x64x8_1x1x2x4,0,dtu,16624910,19008768,395845,141621,419599,133993,1397730,2097216,,788529152
tensor_slicing_512x64x64x8_1x1x2x8,cpu,10477125,16104541,15023849,833484,142082,795598,132566,1970144,0,,385875968
tensor_slicing_512x64x64x8_1x1x2x8,inplace,0,11882480,8641564,708317,77646,662451,67048,1329478,0,,385875968
tensor_slicing_512x64x64x8_1x1x2x8,0,dtu,7820959,9544416,197258,76046,198586,65926,740080,1048624,,385875968
tensor_slicing_512x64x64x8_1x1x2x16,cpu,9582543,12331311,7677025,698326,76352,661567,66967,1309142,0,,184549376
tensor_slicing_512x64x64x8_1x1x2x16,inplace,0,10342114,4442073,635354,43571,596814,34067,983914,0,,184549376
tensor_slicing_512x64x64x8_1x1x2x16,0,dtu,4029661,4825824,97810,42379,103794,34633,404071,524336,,184549376
tensor_slicing_512x64x64x8_1x1x2x32,cpu,5426848,6835655,4000217,328341,44100,331900,33742,681138,0,,83886080
tensor_slicing_512x64x64x8_1x1x2x32,inplace,0,5931787,2343316,294835,20962,299161,17296,462530,0,,83886080
tensor_slicing_512x64x64x8_1x1x2x32,0,dtu,1944409,2459736,48013,22250,49459,16636,209626,262192,,83886080
tensor_slicing_512x64x64x8_1x1x2x64,cpu,2805343,3492826,2158417,161899,23728,166940,16975,351715,0,,33554432
tensor_slicing_512x64x64x8_1x1x2x64,inplace,0,3043682,1287948,146091,10000,150643,8818,226095,0,,33554432
tensor_slicing_512x64x64x8_1x1x2x64,0,dtu,1026464,1280088,21473,11832,25954,8656,107934,131136,,33554432
tensor_slicing_512x64x64x8_1x1x2x4,cpu,12851546,24352052,29717497,1123496,272748,1076566,263767,3305508,0,,788529152
tensor_slicing_512x64x64x8_1x1x2x4,inplace,0,28425108,26000094,890685,150275,1070349,271767,2092877,0,,788529152
tensor_slicing_512x64x64x8_1x1x2x4,0,dtu,16463603,19001976,399765,141935,412935,145752,1403365,2109968,,788529152
tensor_slicing_512x64x64x8_1x1x2x8,cpu,10618886,16262530,15025544,832979,141836,794238,132407,1967687,16,,385875968
tensor_slicing_512x64x64x8_1x1x2x8,inplace,0,12007172,8641564,708648,77616,664776,67048,1329571,0,,385875968
tensor_slicing_512x64x64x8_1x1x2x8,0,dtu,7588748,9544416,197269,75947,198274,65957,739318,1048608,,385875968
tensor_slicing_512x64x64x8_1x1x2x16,cpu,9559914,12358661,7678465,699185,76256,661487,66836,1309243,0,,184549376
tensor_slicing_512x64x64x8_1x1x2x16,inplace,0,10394854,4447260,639511,43497,596325,34219,987487,0,,184549376
tensor_slicing_512x64x64x8_1x1x2x16,0,dtu,3943698,4825824,97774,42415,107807,33638,404314,524352,,184549376
tensor_slicing_512x64x64x8_1x1x2x32,cpu,5436700,6903889,4000217,329393,43401,334078,33782,676630,0,,83886080
tensor_slicing_512x64x64x8_1x1x2x32,inplace,0,5921417,2343316,294909,21066,299214,17364,463442,0,,83886080
tensor_slicing_512x64x64x8_1x1x2x32,0,dtu,1887889,2459736,46492,23343,49394,16717,216842,262176,,83886080
tensor_slicing_512x64x64x8_1x1x2x64,cpu,2812772,3565047,2158417,161823,23681,166887,16945,351281,0,,33554432
tensor_slicing_512x64x64x8_1x1x2x64,inplace,0,3048055,1287948,146241,10013,150853,8797,226347,0,,33554432
tensor_slicing_512x64x64x8_1x1x2x64,0,dtu,933966,1280088,21198,11860,25895,8511,107882,131136,,33554432
tensor_slicing_512x64x64x8_1x1x2x4,cpu,12832612,24010318,29717497,1123404,272702,1076764,263868,3305021,0,,788529152
tensor_slicing_512x64x64x8_1x1x2x4,inplace,0,28433946,26026709,890689,150339,1069270,269757,2093386,0,,788529152
tensor_slicing_512x64x64x8_1x1x2x4,0,dtu,15961832,19001976,398994,141615,396915,131788,1400830,2097216,,788529152
tensor_slicing_512x64x64x8_1x1x2x8,cpu,10602196,16642263,15023849,832912,142145,803423,139800,1970076,0,,385875968
tensor_slicing_512x64x64x8_1x1x2x8,inplace,0,12508309,8641564,704722,77825,671419,73132,1327314,16,,385875968
tensor_slicing_512x64x64x8_1x1x2x8,0,dtu,8146234,9551208,201097,76459,198956,66041,746609,1058448,,385875968
tensor_slicing_512x64x64x8_1x1x2x16,cpu,9563058,12332474,7677025,698365,76183,661533,66918,1307823,0,,184549376
tensor_slicing_512x64x64x8_1x1x2x16,inplace,0,10376560,4456986,634639,43636,597210,34428,983719,0,,184549376
tensor_slicing_512x64x64x8_1x1x2x16,0,dtu,4216427,4832616,100067,42465,106101,36018,406711,529360,,184549376
tensor_slicing_512x64x64x8_1x1x2x32,cpu,5415458,6801945,3994955,328151,44018,331621,33619,680288,0,,83886080
tensor_slicing_512x64x64x8_1x1x2x32,inplace,0,5926351,2336524,294571,20882,299454,17203,461633,0,,83886080
tensor_slicing_512x64x64x8_1x1x2x32,0,dtu,1965743,2466528,48365,22264,49675,16736,210081,262224,,83886080
tensor_slicing_512x64x64x8_1x1x2x64,cpu,2775770,3480380,2158417,161759,23741,166876,16965,351699,0,,33554432
tensor_slicing_512x64x64x8_1x1x2x64,inplace,0,3014545,1281156,145633,9703,150325,8680,223265,0,,33554432
tensor_slicing_512x64x64x8_1x1x2x64,0,dtu,934493,1280088,21191,11755,25870,8523,107035,131136,,33554432
tensor_slicing_512x64x64x8_1x1x2x4,cpu,12825174,23969944,29717497,1123207,272687,1076598,263863,3304706,0,,788529152
tensor_slicing_512x64x64x8_1x1x2x4,inplace,0,28489469,26020381,892091,150147,1063802,270447,2093275,0,,788529152
tensor_slicing_512x64x64x8_1x1x2x4,0,dtu,15867651,19001976,395586,141251,396906,131784,1394501,2097248,,788529152
tensor_slicing_512x64x64x8_1x1x2x8,cpu,10508597,15943975,15023849,833505,142163,794312,132361,1970802,0,,385875968
tensor_slicing_512x64x64x8_1x1x2x8,inplace,0,12072004,8641564,706238,77793,665078,67117,1328571,0,,385875968
tensor_slicing_512x64x64x8_1x1x2x8,0,dtu,7771869,9551208,197545,76209,198513,66082,741663,1048592,,385875968
tensor_slicing_512x64x64x8_1x1x2x16,cpu,9557957,12476026,7677025,699299,76464,661449,66922,1311014,0,,184549376
tensor_slicing_512x64x64x8_1x1x2x16,inplace,0,10394670,4447260,633699,43689,597121,34267,983204,0,,184549376
tensor_slicing_512x64x64x8_1x1x2x16,0,dtu,4230006,4825824,97777,42144,103841,33733,402169,524336,,184549376
tensor_slicing_512x64x64x8_1x1x2x32,cpu,5421470,6809765,4000217,328394,44013,331863,33614,680491,0,,83886080
tensor_slicing_512x64x64x8_1x1x2x32,inplace,0,5944248,2336586,294566,21089,299593,17225,463278,0,,83886080
tensor_slicing_512x64x64x8_1x1x2x32,0,dtu,1941033,2459736,48073,22201,49447,16608,209297,262176,,83886080
tensor_slicing_512x64x64x8_1x1x2x64,cpu,2813315,3530506,2158417,161824,23600,168015,17091,350608,0,,33554432
tensor_slicing_512x64x64x8_1x1x2x64,inplace,0,3050208,1287948,146282,10195,150580,8868,227841,0,,33554432
tensor_slicing_512x64x64x8_1x1x2x64,0,dtu,943322,1280088,21136,11914,25943,8532,108262,131104,,33554432
tensor_slicing_512x64x64x8_1x1x2x4,cpu,12878846,25386699,29717578,1123466,272326,1089289,263716,3302085,0,,788529152
tensor_slicing_512x64x64x8_1x1x2x4,inplace,0,28437901,26018404,890656,149947,1068169,269811,2090231,0,,788529152
tensor_slicing_512x64x64x8_1x1x2x4,0,dtu,15319999,19001976,396381,141558,397774,131800,1397708,2098064,,788529152
tensor_slicing_512x64x64x8_1x1x2x8,cpu,10483828,16044023,15023849,833563,142087,794263,132439,1970262,0,,385875968
tensor_slicing_512x64x64x8_1x1x2x8,inplace,0,12185095,8641564,706362,77524,663791,67047,1326547,0,,385875968
tensor_slicing_512x64x64x8_1x1x2x8,0,dtu,7921735,9551208,197569,76152,198480,66080,741246,1048624,,385875968
tensor_slicing_512x64x64x8_1x1x2x16,cpu,9548753,12557052,7677025,699171,76350,666037,67471,1309975,0,,184549376
tensor_slicing_512x64x64x8_1x1x2x16,inplace,0,10364428,4447260,638999,43462,596676,34248,986678,0,,184549376
tensor_slicing_512x64x64x8_1x1x2x16,0,dtu,3934266,4825824,97918,42512,103588,33681,405238,524352,,184549376
tensor_slicing_512x64x64x8_1x1x2x32,cpu,5409352,6891218,3993425,329154,43296,333888,33779,675532,0,,83886080
tensor_slicing_512x64x64x8_1x1x2x32,inplace,0,5941008,2336524,294398,20874,299312,17198,461391,0,,83886080
tensor_slicing_512x64x64x8_1x1x2x32,0,dtu,1904911,2466528,46924,23620,49622,16803,219496,262224,,83886080
tensor_slicing_512x64x64x8_1x1x2x64,cpu,2782076,3516060,2159870,161763,23767,166952,16977,351909,0,,33554432
tensor_slicing_512x64x64x8_1x1x2x64,inplace,0,3021962,1281156,145800,9763,150581,8699,223915,0,,33554432
tensor_slicing_512x64x64x8_1x1x2x64,0,dtu,917889,1280088,20961,11686,24770,8525,106247,131120,,33554432
tensor_slicing_512x64x64x8_1x1x2x4,cpu,12886468,24525616,29717497,1123202,272725,1094776,265948,3305006,0,,788529152
tensor_slicing_512x64x64x8_1x1x2x4,inplace,0,28459569,25999856,890110,150240,1063013,264559,2092014,0,,788529152
tensor_slicing_512x64x64x8_1x1x2x4,0,dtu,26048478,27958933,412699,146911,593004,248408,1456899,2097280,,788529152
tensor_slicing_512x64x64x8_1x1x2x8,cpu,10536492,17190325,15023849,838174,141905,806320,132307,1973438,0,,385875968
tensor_slicing_512x64x64x8_1x1x2x8,inplace,0,11959518,8641564,706718,77862,664312,67022,1329607,0,,385875968
tensor_slicing_512x64x64x8_1x1x2x8,0,dtu,7839523,9551208,197758,76459,198434,66072,743892,1048624,,385875968
tensor_slicing_512x64x64x8_1x1x2x16,cpu,9545691,12556255,7677025,699369,76499,665960,67438,1311362,0,,184549376
tensor_slicing_512x64x64x8_1x1x2x16,inplace,0,10341230,4440468,633627,43443,596938,34160,981171,0,,184549376
tensor_slicing_512x64x64x8_1x1x2x16,0,dtu,4168259,4827367,99634,42499,103493,33652,406562,528912,,184549376
tensor_slicing_512x64x64x8_1x1x2x32,cpu,5436799,6804847,4000217,328352,43973,331823,33605,680154,0,,83886080
tensor_slicing_512x64x64x8_1x1x2x32,inplace,0,5948710,2343316,294894,20985,299435,17265,462766,0,,83886080
tensor_slicing_512x64x64x8_1x1x2x32,0,dtu,1936522,2459736,48035,22049,49447,16610,208049,262192,,83886080
tensor_slicing_512x64x64x8_1x1x2x64,cpu,2810181,3527680,2158417,161826,23674,168062,17093,351228,0,,33554432
tensor_slicing_512x64x64x8_1x1x2x64,inplace,0,3030627,1287948,146262,10058,150808,8820,226743,0,,33554432
tensor_slicing_512x64x64x8_1x1x2x64,0,dtu,939255,1280088,21120,11825,25948,8529,107533,131120,,33554432
tensor_slicing_512x64x64x8_1x1x2x4,cpu,12863500,25475484,29725929,1123884,272861,1099623,276516,3306783,0,,788529152
tensor_slicing_512x64x64x8_1x1x2x4,inplace,0,16505794,17036964,866193,142756,811848,132751,2008234,0,,788529152
tensor_slicing_512x64x64x8_1x1x2x4,0,dtu,18337326,19004004,402495,141602,403308,131798,1404227,2097216,,788529152
tensor_slicing_512x64x64x8_1x1x2x8,cpu,10514407,16225521,15023849,833547,142022,794247,132374,1969743,0,,385875968
tensor_slicing_512x64x64x8_1x1x2x8,inplace,0,12112910,8641564,706891,77731,664285,66947,1328731,0,,385875968
tensor_slicing_512x64x64x8_1x1x2x8,0,dtu,7936640,9551208,198367,77265,199263,66864,750900,1049392,,385875968
tensor_slicing_512x64x64x8_1x1x2x16,cpu,9552281,12322568,7677025,699482,76522,661455,66886,1311676,0,,184549376
tensor_slicing_512x64x64x8_1x1x2x16,inplace,0,10419322,4447260,634830,43449,600136,35177,982408,0,,184549376
tensor_slicing_512x64x64x8_1x1x2x16,0,dtu,4220230,4825824,97755,42183,103764,33714,402439,524352,,184549376
tensor_slicing_512x64x64x8_1x1x2x32,cpu,5417665,6920264,4000217,329612,43478,333988,33840,677440,0,,83886080
tensor_slicing_512x64x64x8_1x1x2x32,inplace,0,5953157,2336524,294453,20854,301182,18027,461277,0,,83886080
tensor_slicing_512x64x64x8_1x1x2x32,0,dtu,1885431,2459736,46521,23473,49393,16706,217918,262208,,83886080
tensor_slicing_512x64x64x8_1x1x2x64,cpu,2815080,3516662,2158417,161710,23769,166939,16966,351846,0,,33554432
tensor_slicing_512x64x64x8_1x1x2x64,inplace,0,3057566,1287948,146156,9999,150873,8834,226154,0,,33554432
tensor_slicing_512x64x64x8_1x1x2x64,0,dtu,915909,1280088,20978,11812,24773,8527,107280,131104,,33554432
